label,x0,y0,z0,x1,y1,z1,x2,y2,z2,x3,y3,z3,x4,y4,z4,x5,y5,z5,x6,y6,z6,x7,y7,z7,x8,y8,z8,x9,y9,z9,x10,y10,z10,x11,y11,z11,x12,y12,z12,x13,y13,z13,x14,y14,z14,x15,y15,z15,x16,y16,z16,x17,y17,z17,x18,y18,z18,x19,y19,z19,x20,y20,z20
A,0.6333805918693542,0.570920467376709,-7.276917131093796e-07,0.5675675868988037,0.52330482006073,-0.018135471269488335,0.5282371640205383,0.41339731216430664,-0.021789399906992912,0.5177325010299683,0.3261544704437256,-0.026728613302111626,0.5047889947891235,0.25886258482933044,-0.02561756782233715,0.5678805112838745,0.3414546251296997,-0.001893540727905929,0.5499868392944336,0.28305938839912415,-0.037981897592544556,0.5573477745056152,0.36627593636512756,-0.05087922513484955,0.5726704001426697,0.40977638959884644,-0.052825216203927994,0.6156561374664307,0.34492525458335876,-0.007418264634907246,0.5950474739074707,0.2719668745994568,-0.04669208824634552,0.5919145345687866,0.37284430861473083,-0.04670733958482742,0.6078320741653442,0.41009393334388733,-0.034136608242988586,0.663377583026886,0.36194056272506714,-0.019526371732354164,0.6433995366096497,0.30068427324295044,-0.058879245072603226,0.6317079067230225,0.3991774022579193,-0.03851712495088577,0.6423442959785461,0.4346192181110382,-0.011914381757378578,0.7118415236473083,0.3877239227294922,-0.03352588042616844,0.6916473507881165,0.337982177734375,-0.05418827384710312,0.6719954013824463,0.3983091413974762,-0.03697009012103081,0.6739902496337891,0.4269283413887024,-0.01674160361289978
A,0.6328493356704712,0.570077121257782,-7.437592444148322e-07,0.5668995976448059,0.5226167440414429,-0.017724158242344856,0.5284435153007507,0.41188016533851624,-0.021129153668880463,0.5184752941131592,0.323851615190506,-0.025938624516129494,0.5056023001670837,0.25669872760772705,-0.024887073785066605,0.5687881112098694,0.33857622742652893,-0.0018395261140540242,0.5507892370223999,0.281309574842453,-0.039451707154512405,0.5579359531402588,0.3647252917289734,-0.0533125102519989,0.5735359191894531,0.4102247655391693,-0.05533984676003456,0.6163625121116638,0.34317830204963684,-0.007687724661082029,0.5958905220031738,0.2714047133922577,-0.04784924536943436,0.592369794845581,0.3723966181278229,-0.048271793872117996,0.6081615686416626,0.4105611741542816,-0.03574429452419281,0.6642305850982666,0.36072927713394165,-0.020258981734514236,0.6439633965492249,0.299652636051178,-0.06083732843399048,0.6319317817687988,0.39901331067085266,-0.04097229614853859,0.6422863602638245,0.43586117029190063,-0.014356514438986778,0.7127664685249329,0.3866603672504425,-0.03463667258620262,0.6924699544906616,0.33737990260124207,-0.05662954971194267,0.67274010181427,0.398531973361969,-0.04010783135890961,0.6749283671379089,0.42794257402420044,-0.020061738789081573
A,0.44245561957359314,0.5978404879570007,-1.4010106497153174e-07,0.5098485350608826,0.5529148578643799,0.010537981055676937,0.5383403301239014,0.4685382544994354,0.019495723769068718,0.538161039352417,0.38525390625,0.028163691982626915,0.544389009475708,0.3307991325855255,0.03657472878694534,0.49725523591041565,0.38115108013153076,0.020061340183019638,0.4891766309738159,0.3686540424823761,0.037774477154016495,0.4857875406742096,0.40380144119262695,0.045418880879879,0.48447057604789734,0.43083637952804565,0.04795781522989273,0.44810381531715393,0.3750617206096649,0.018402377143502235,0.4429229497909546,0.3626892566680908,0.04515482485294342,0.44141045212745667,0.39339280128479004,0.05234650894999504,0.4428780674934387,0.4213424623012543,0.05082900449633598,0.40290290117263794,0.3889182209968567,0.018808744847774506,0.39969804883003235,0.3679282069206238,0.03865049406886101,0.40056541562080383,0.39898887276649475,0.04532951861619949,0.40225234627723694,0.4295649528503418,0.043483246117830276,0.36288443207740784,0.4144386351108551,0.02051772177219391,0.3617865741252899,0.3848753869533539,0.03394061326980591,0.36603960394859314,0.4121474027633667,0.04495125263929367,0.36855027079582214,0.4388512670993805,0.05143217369914055
A,0.4426736533641815,0.5996126532554626,-1.4918164481514395e-07,0.509492039680481,0.5528408288955688,0.010386867448687553,0.5388826727867126,0.468830943107605,0.018711494281888008,0.5381650924682617,0.38452181220054626,0.026894550770521164,0.5446432828903198,0.32909464836120605,0.03495792672038078,0.4971434473991394,0.3814714550971985,0.019256839528679848,0.48900511860847473,0.3688317537307739,0.03688988462090492,0.485736608505249,0.40483465790748596,0.04441014677286148,0.4836837649345398,0.43227556347846985,0.046942852437496185,0.44797223806381226,0.375447154045105,0.017672445625066757,0.442451536655426,0.362543523311615,0.04453647881746292,0.44106024503707886,0.39326047897338867,0.051527827978134155,0.44233912229537964,0.42146605253219604,0.0498259998857975,0.403037965297699,0.3890146017074585,0.018266586586833,0.40015193819999695,0.367933988571167,0.039084386080503464,0.40099480748176575,0.39883357286453247,0.04600004479289055,0.40236973762512207,0.42898547649383545,0.04401682689785957,0.3633274734020233,0.41442185640335083,0.020101647824048996,0.36266547441482544,0.38461148738861084,0.034846313297748566,0.36648857593536377,0.41225430369377136,0.04642339050769806,0.3681753873825073,0.43881744146347046,0.0530594140291214
A,0.6222578883171082,0.5325537919998169,-7.111550530680688e-07,0.557310163974762,0.4854757487773895,-0.01581970788538456,0.5190438032150269,0.38018813729286194,-0.016867293044924736,0.5130072832107544,0.2913081645965576,-0.021293746307492256,0.5054218173027039,0.2243930697441101,-0.021246032789349556,0.5573264360427856,0.31751853227615356,0.015991708263754845,0.5513994693756104,0.25958380103111267,-0.017978452146053314,0.5554617643356323,0.33362919092178345,-0.03481149300932884,0.5641399621963501,0.38120436668395996,-0.03905363380908966,0.6013623476028442,0.3137335181236267,0.010288119316101074,0.5937650203704834,0.24466603994369507,-0.024456284940242767,0.5915203094482422,0.3385632336139679,-0.028964774683117867,0.60233473777771,0.37852245569229126,-0.020388169214129448,0.6472805142402649,0.32021111249923706,-0.003086886601522565,0.643377959728241,0.24950973689556122,-0.03956339508295059,0.6315706372261047,0.3397907316684723,-0.02546440064907074,0.6351945996284485,0.3821394741535187,-0.0034590086434036493,0.6952304840087891,0.33666661381721497,-0.01842144876718521,0.6923577189445496,0.27407106757164,-0.038059573620557785,0.6738600730895996,0.333627849817276,-0.023873602971434593,0.6690160036087036,0.37158069014549255,-0.006095432210713625
A,0.5445708632469177,0.5494203567504883,-2.3292517425943515e-07,0.6108559370040894,0.5092529654502869,0.004587158095091581,0.6366541981697083,0.4269859790802002,0.010409818962216377,0.6241909861564636,0.3515111804008484,0.017007941380143166,0.6176419854164124,0.3117886781692505,0.02270585112273693,0.6029615998268127,0.340136855840683,0.00038477429188787937,0.5843515992164612,0.34018898010253906,0.0038093579933047295,0.5841240882873535,0.3801477551460266,0.0017143955919891596,0.5885390043258667,0.40610697865486145,-0.0009869277710095048,0.5556257367134094,0.3315448760986328,-0.0008309383410960436,0.5435695052146912,0.34828850626945496,0.013281257823109627,0.5445221662521362,0.3829326033592224,0.01588931493461132,0.5503563284873962,0.4088522493839264,0.013121952302753925,0.5116451382637024,0.34520769119262695,-0.000253053818596527,0.5043603181838989,0.36394545435905457,0.00977462250739336,0.509040117263794,0.3965735137462616,0.012224068865180016,0.5166959166526794,0.42241495847702026,0.009411115199327469,0.47098490595817566,0.3682555556297302,0.0009564193896949291,0.4678441286087036,0.3841246962547302,0.005820650141686201,0.4751693606376648,0.4159952700138092,0.010871082544326782,0.4822826683521271,0.4381446838378906,0.014735625125467777
A,0.18067440390586853,0.4971676170825958,-1.5850720558319153e-07,0.27250540256500244,0.4409542679786682,-0.0039311181753873825,0.3124676048755646,0.3285413086414337,-0.0015158042078837752,0.32007482647895813,0.22881418466567993,0.0024600173346698284,0.3193894028663635,0.1637895256280899,0.007201144937425852,0.2369079440832138,0.22141961753368378,0.006728591863065958,0.27912846207618713,0.22149109840393066,0.012598355300724506,0.2842261791229248,0.2774772644042969,0.0074899462051689625,0.2719214856624603,0.30619826912879944,0.0012458424316719174,0.18018220365047455,0.22507058084011078,0.009908138774335384,0.22787471115589142,0.23001736402511597,0.027246326208114624,0.23724082112312317,0.27581673860549927,0.025238478556275368,0.22594064474105835,0.30666521191596985,0.0176291074603796,0.13791650533676147,0.25218793749809265,0.014101152308285236,0.1820412427186966,0.24800309538841248,0.029709823429584503,0.19267231225967407,0.28573188185691833,0.032385557889938354,0.18380285799503326,0.3183302879333496,0.02799098752439022,0.10543858259916306,0.28431177139282227,0.01793268695473671,0.14388614892959595,0.273023396730423,0.031144361943006516,0.1541111171245575,0.30287763476371765,0.04030666500329971,0.14747245609760284,0.33155950903892517,0.044955138117074966
A,0.18964698910713196,0.48586422204971313,-1.5946073972372687e-07,0.27983176708221436,0.4334644675254822,-0.005451362580060959,0.31917959451675415,0.3229135572910309,-0.0037151938304305077,0.3264513909816742,0.22352436184883118,-0.00016159242659341544,0.3292078971862793,0.1568484753370285,0.003991957753896713,0.2465314269065857,0.20522113144397736,0.005863364320248365,0.28636059165000916,0.21846264600753784,0.00961300265043974,0.2902940809726715,0.27174022793769836,0.0022872514091432095,0.278789758682251,0.2989268898963928,-0.005421077366918325,0.1888936161994934,0.21141262352466583,0.008884492330253124,0.23136019706726074,0.22733843326568604,0.025166461244225502,0.24007348716259003,0.2711940109729767,0.022043641656637192,0.23029150068759918,0.30001452565193176,0.013493387959897518,0.14592376351356506,0.24214613437652588,0.01252294797450304,0.18491317331790924,0.24892470240592957,0.02529466524720192,0.19576558470726013,0.2839087247848511,0.025768544524908066,0.18884198367595673,0.31339314579963684,0.02033800259232521,0.11343255639076233,0.27871572971343994,0.015755580738186836,0.1475449502468109,0.28025344014167786,0.025554878637194633,0.15849538147449493,0.30934572219848633,0.03245946764945984,0.15393638610839844,0.3350679278373718,0.03602158650755882
A,0.7286970019340515,0.9262880086898804,-1.2810037333110813e-06,0.6037502288818359,0.8399956226348877,-0.07378369569778442,0.5195895433425903,0.6065559387207031,-0.08653383702039719,0.5014597177505493,0.4106205105781555,-0.09484030306339264,0.5058234930038452,0.2665758430957794,-0.0836750715970993,0.5887846946716309,0.4320372939109802,0.006971957627683878,0.5998574495315552,0.33785703778266907,-0.05986025556921959,0.6175806522369385,0.5154880285263062,-0.07957542687654495,0.6235367655754089,0.5726779103279114,-0.08214454352855682,0.6917977929115295,0.4221370220184326,0.016905402764678,0.6960780620574951,0.30294495820999146,-0.06313932687044144,0.6906970143318176,0.5225858688354492,-0.06612204015254974,0.6928407549858093,0.5476871132850647,-0.04408702254295349,0.793684720993042,0.4404780864715576,0.00787952821701765,0.8045030832290649,0.3197143077850342,-0.075955830514431,0.7825765609741211,0.5155754685401917,-0.040081724524497986,0.7778645753860474,0.5454006791114807,0.008526010438799858,0.8877477645874023,0.4748733341693878,-0.008595799095928669,0.9097862839698792,0.37456828355789185,-0.052200090140104294,0.8782321810722351,0.5005786418914795,-0.023375991731882095,0.8624318838119507,0.53353351354599,0.011884087696671486
A,0.7292273044586182,0.9309431314468384,-1.2907847803944605e-06,0.6064093708992004,0.8419848680496216,-0.07620769739151001,0.520746111869812,0.6091356873512268,-0.09180700033903122,0.4991888403892517,0.4115241765975952,-0.10247481614351273,0.5043731927871704,0.2643280029296875,-0.09205902367830276,0.5927301645278931,0.42460453510284424,0.002623574575409293,0.5988741517066956,0.3391115963459015,-0.0637858584523201,0.6185872554779053,0.520294189453125,-0.07918412983417511,0.6272737979888916,0.5600879192352295,-0.07951672375202179,0.6936917304992676,0.4198104441165924,0.013198026455938816,0.6965311765670776,0.3061698377132416,-0.06830860674381256,0.6914571523666382,0.5295156240463257,-0.06722093373537064,0.6951319575309753,0.5408896803855896,-0.04162469133734703,0.7959001660346985,0.4391815960407257,0.004720461089164019,0.8024551272392273,0.3223496973514557,-0.080903559923172,0.7823731899261475,0.5235135555267334,-0.040292706340551376,0.7804757356643677,0.5458850264549255,0.012075304053723812,0.8895661234855652,0.4708366394042969,-0.011572275310754776,0.9081498384475708,0.3764885663986206,-0.05625130236148834,0.8769388198852539,0.5062941908836365,-0.02538362331688404,0.8648772239685059,0.5356486439704895,0.012112493626773357
A,0.6013879179954529,0.5521981120109558,-8.316457069668104e-07,0.521992027759552,0.5135707259178162,-0.022918805480003357,0.47102975845336914,0.3851016163825989,-0.024833839386701584,0.46022266149520874,0.27550560235977173,-0.02860500104725361,0.45131129026412964,0.1939849853515625,-0.02580757811665535,0.5073114633560181,0.29331234097480774,0.010382121428847313,0.5053253769874573,0.22407996654510498,-0.027343174442648888,0.519742488861084,0.3149772584438324,-0.04473378136754036,0.5316826105117798,0.3714267313480377,-0.049298640340566635,0.5622519850730896,0.2832930386066437,0.005574153270572424,0.5564886331558228,0.20221863687038422,-0.03324619680643082,0.5630363821983337,0.3187236487865448,-0.0354648195207119,0.5741642713546753,0.36613908410072327,-0.02435915544629097,0.6186782121658325,0.29040202498435974,-0.00795206893235445,0.6209967732429504,0.2057044506072998,-0.049102578312158585,0.61381995677948,0.31624892354011536,-0.029436998069286346,0.6142190098762512,0.3660725951194763,-0.0029983539134263992,0.6756117939949036,0.3115817904472351,-0.024188535287976265,0.6806478500366211,0.24206894636154175,-0.047540333122015,0.6617859601974487,0.31399956345558167,-0.030582068488001823,0.6506712436676025,0.3559679090976715,-0.010286412201821804
A,0.4067627191543579,0.7271044254302979,-5.390380763969915e-08,0.4875739514827728,0.6188536286354065,0.006438588723540306,0.49782803654670715,0.490239679813385,0.02503669075667858,0.4787714183330536,0.38894161581993103,0.04578930512070656,0.4720913767814636,0.3192269206047058,0.06691376864910126,0.414008766412735,0.40123361349105835,0.0361560694873333,0.45884791016578674,0.3328697681427002,0.07682424783706665,0.4794422388076782,0.34504246711730957,0.09630925953388214,0.4821937680244446,0.35946905612945557,0.10449979454278946,0.36421823501586914,0.4282104969024658,0.04751238226890564,0.42085328698158264,0.40305691957473755,0.09816690534353256,0.4440237283706665,0.4436914622783661,0.10559188574552536,0.4457155168056488,0.4802083373069763,0.10028496384620667,0.3390604555606842,0.4777313470840454,0.06216493993997574,0.3826543390750885,0.44897031784057617,0.10587842017412186,0.4064849317073822,0.4791412949562073,0.10515476018190384,0.4097042381763458,0.515686571598053,0.09274926781654358,0.32431304454803467,0.5272648334503174,0.0779469832777977,0.3554702699184418,0.49349525570869446,0.10923730581998825,0.3791884481906891,0.5133010745048523,0.1163482591509819,0.38797661662101746,0.5427311062812805,0.11613980680704117
A,0.40701043605804443,0.7316096425056458,-1.4310209905943339e-07,0.4875108599662781,0.6191904544830322,-0.0010082442313432693,0.49735593795776367,0.48938754200935364,0.014981333166360855,0.48105132579803467,0.3835240602493286,0.034063804894685745,0.4709869921207428,0.30888697504997253,0.055033713579177856,0.4072240889072418,0.39746591448783875,0.039385054260492325,0.4584323465824127,0.3426826596260071,0.07885724306106567,0.4824855327606201,0.3888337016105652,0.09372697025537491,0.48056167364120483,0.42016398906707764,0.09859251976013184,0.3612600564956665,0.43090522289276123,0.053308237344026566,0.4215034246444702,0.40574172139167786,0.10463244467973709,0.4473809599876404,0.44583308696746826,0.10814232379198074,0.44874727725982666,0.48065483570098877,0.09937181323766708,0.3384369909763336,0.4822705388069153,0.0693676620721817,0.38373062014579773,0.45256030559539795,0.11403454840183258,0.40942636132240295,0.47971081733703613,0.11205100268125534,0.41316279768943787,0.5146877765655518,0.0988665372133255,0.326343834400177,0.5315905213356018,0.08559860289096832,0.3570614457130432,0.4933815598487854,0.11854536831378937,0.38062891364097595,0.5092502236366272,0.12752775847911835,0.38955697417259216,0.5367189645767212,0.12863673269748688
A,0.629368782043457,0.6079283356666565,-1.0187205816691858e-06,0.5337212085723877,0.5766623020172119,-0.03715392202138901,0.4600982964038849,0.42901843786239624,-0.046311356127262115,0.44325608015060425,0.28681278228759766,-0.053659792989492416,0.4545454978942871,0.18567566573619843,-0.048457518219947815,0.5069947838783264,0.30600613355636597,-0.01303570531308651,0.4886929988861084,0.23014484345912933,-0.0667024478316307,0.5042373538017273,0.34946584701538086,-0.0809963271021843,0.5238555669784546,0.3974974751472473,-0.08170456439256668,0.5758430361747742,0.3052232265472412,-0.014575894922018051,0.5511380434036255,0.22418253123760223,-0.07174289971590042,0.5521016716957092,0.36681216955184937,-0.0669432058930397,0.572992205619812,0.3878175616264343,-0.04763657599687576,0.642551839351654,0.3203275799751282,-0.027487650513648987,0.6205864548683167,0.25278711318969727,-0.0830511525273323,0.6093893647193909,0.3841278851032257,-0.05157859995961189,0.6259925365447998,0.39964622259140015,-0.014730317518115044,0.7112621665000916,0.3402002155780792,-0.04468943178653717,0.6904342770576477,0.2914547622203827,-0.0713437870144844,0.6710918545722961,0.375456303358078,-0.0494530126452446,0.6797875761985779,0.3932037055492401,-0.02510886825621128
A,0.627545952796936,0.6092786192893982,-1.0194897868132102e-06,0.5320814847946167,0.5736978650093079,-0.03543497622013092,0.4605099558830261,0.4266536235809326,-0.044026438146829605,0.44362205266952515,0.2868225872516632,-0.050883255898952484,0.45341652631759644,0.185275137424469,-0.04538436606526375,0.5075616836547852,0.30241715908050537,-0.012575963512063026,0.48797452449798584,0.23299908638000488,-0.06368309259414673,0.5053433775901794,0.35337355732917786,-0.07681629806756973,0.5242364406585693,0.3951195776462555,-0.07775737345218658,0.5773467421531677,0.301707923412323,-0.014345851726830006,0.5493632555007935,0.2254442572593689,-0.07055774331092834,0.5521807074546814,0.36829397082328796,-0.06644395738840103,0.5741429328918457,0.38661959767341614,-0.048332199454307556,0.6449218988418579,0.3176639974117279,-0.02663539908826351,0.6204006671905518,0.2527598738670349,-0.08168072998523712,0.6105303764343262,0.38532015681266785,-0.05053798109292984,0.6281362175941467,0.4000992476940155,-0.01438620500266552,0.7127808928489685,0.3371920883655548,-0.042885083705186844,0.691032350063324,0.2915307879447937,-0.06870119273662567,0.6714516878128052,0.37689846754074097,-0.04638700187206268,0.6805845499038696,0.3923255205154419,-0.02207031659781933
A,0.669028103351593,0.6889628171920776,-5.974433747724106e-07,0.5973120331764221,0.644808292388916,-0.02584189921617508,0.5425012707710266,0.5485917925834656,-0.033031612634658813,0.5142443776130676,0.46393445134162903,-0.03968483954668045,0.49362534284591675,0.40126317739486694,-0.03863997012376785,0.6006417870521545,0.4672865569591522,0.0002684598439373076,0.5856784582138062,0.42323219776153564,-0.032172445207834244,0.5953993797302246,0.504971444606781,-0.04647558555006981,0.6055755615234375,0.5181955695152283,-0.05338040366768837,0.6462934613227844,0.46924611926078796,-0.0004951853770762682,0.6314042210578918,0.41938546299934387,-0.035606853663921356,0.6290692687034607,0.5136637091636658,-0.03886326029896736,0.6397762894630432,0.5153228044509888,-0.03311770781874657,0.6900467872619629,0.484203040599823,-0.008512787520885468,0.6819244623184204,0.42924684286117554,-0.04364058002829552,0.6709877252578735,0.513911783695221,-0.02594621852040291,0.6799116730690002,0.5193272829055786,-0.005493271164596081,0.7317622900009155,0.5031149387359619,-0.019327547401189804,0.7251148223876953,0.4713245928287506,-0.03591727837920189,0.7090950012207031,0.5259794592857361,-0.021076785400509834,0.7139527797698975,0.5331556797027588,-0.005604206584393978
A,0.6687904000282288,0.6896525621414185,-5.634598778669897e-07,0.5957680344581604,0.642522394657135,-0.026625249534845352,0.5422540307044983,0.5468752384185791,-0.034243758767843246,0.514015793800354,0.46295294165611267,-0.04118436947464943,0.49194249510765076,0.40082791447639465,-0.0406460165977478,0.6000069379806519,0.4678358733654022,-0.0003669326251838356,0.5853825211524963,0.42447057366371155,-0.0327664315700531,0.5948646068572998,0.5057128071784973,-0.04775580018758774,0.6054935455322266,0.5197733640670776,-0.0553290881216526,0.6459072828292847,0.470343679189682,-0.0008131136419251561,0.6304859519004822,0.4198850393295288,-0.03683781623840332,0.6278101801872253,0.5134016871452332,-0.04174592345952988,0.6385412812232971,0.5168290138244629,-0.037221383303403854,0.6895166635513306,0.4858472943305969,-0.008376135490834713,0.6811947226524353,0.4293346405029297,-0.04382554441690445,0.6693451404571533,0.5132527351379395,-0.02716769278049469,0.6775770783424377,0.5196694135665894,-0.0075636510737240314,0.7300781011581421,0.5052052736282349,-0.01877032220363617,0.725004255771637,0.47274431586265564,-0.035450007766485214,0.708349883556366,0.5268823504447937,-0.021125277504324913,0.7127887606620789,0.5338801145553589,-0.006216284353286028
A,0.6461806297302246,0.5965153574943542,-3.275239635058824e-07,0.6063990592956543,0.576126754283905,-0.01345578208565712,0.5750331282615662,0.5255158543586731,-0.017685068771243095,0.5582226514816284,0.47907641530036926,-0.021871378645300865,0.5469992756843567,0.4452212154865265,-0.022830970585346222,0.6028741002082825,0.4815709888935089,-0.0009170988923870027,0.5968292355537415,0.45215439796447754,-0.019226249307394028,0.6018479466438293,0.49274706840515137,-0.0284474715590477,0.6070255637168884,0.513129472732544,-0.032315123826265335,0.6281646490097046,0.47934088110923767,-0.0023980445694178343,0.6228935122489929,0.44582611322402954,-0.02112070471048355,0.6226330399513245,0.49552544951438904,-0.02409978024661541,0.6258246898651123,0.5090431571006775,-0.021639350801706314,0.6526104807853699,0.48562300205230713,-0.007650843821465969,0.6512528657913208,0.45205849409103394,-0.026852503418922424,0.6460471749305725,0.4964500367641449,-0.019126124680042267,0.6464472413063049,0.5091807842254639,-0.00906626507639885,0.6759894490242004,0.4974612295627594,-0.014211286790668964,0.675719141960144,0.4732879400253296,-0.024417471140623093,0.6674895882606506,0.5035937428474426,-0.016939951106905937,0.6651361584663391,0.5155652165412903,-0.008754899725317955
A,0.6461615562438965,0.5960468053817749,-3.24785531802263e-07,0.6063058972358704,0.5758966207504272,-0.013648848049342632,0.5747101306915283,0.5250230431556702,-0.017884500324726105,0.5577525496482849,0.4785265624523163,-0.022030068561434746,0.5464706420898438,0.4443751275539398,-0.022955723106861115,0.6024384498596191,0.4808816909790039,-0.0009331721230410039,0.596592128276825,0.45174551010131836,-0.019198663532733917,0.6016265749931335,0.492777943611145,-0.028318975120782852,0.6066204905509949,0.5130032896995544,-0.03214159607887268,0.6277445554733276,0.4786556661128998,-0.0023731710389256477,0.6224441528320312,0.44555121660232544,-0.02117740549147129,0.6223590970039368,0.4957370162010193,-0.024132248014211655,0.6256532669067383,0.5089953541755676,-0.021634593605995178,0.6523080468177795,0.48511436581611633,-0.00761090824380517,0.6510317325592041,0.4515902101993561,-0.02697545476257801,0.6459179520606995,0.49638405442237854,-0.019231202080845833,0.6461918950080872,0.5089191198348999,-0.009147271513938904,0.675731897354126,0.49706247448921204,-0.014162923209369183,0.675502359867096,0.4732537865638733,-0.024539779871702194,0.6673798561096191,0.5038926005363464,-0.017101900652050972,0.6650369167327881,0.5156446695327759,-0.008936560712754726
B,0.5643348693847656,0.5466403961181641,3.2503263014405093e-07,0.5084908604621887,0.517939031124115,-0.01698676496744156,0.4707449972629547,0.43731558322906494,-0.02368962951004505,0.47680774331092834,0.3584986627101898,-0.030802836641669273,0.5102956295013428,0.3310011923313141,-0.03786363825201988,0.47777774930000305,0.3346640467643738,-0.0011828780407086015,0.46684083342552185,0.2576870024204254,-0.013188766315579414,0.46336817741394043,0.2077578902244568,-0.02743011713027954,0.46267247200012207,0.16092877089977264,-0.04032032936811447,0.5094118118286133,0.3167680501937866,-0.006750841625034809,0.49815526604652405,0.2283041924238205,-0.016341762617230415,0.4941619336605072,0.17072811722755432,-0.02858567237854004,0.49023187160491943,0.11622960865497589,-0.0390947125852108,0.5425748825073242,0.31974077224731445,-0.016194002702832222,0.5335403084754944,0.23474855720996857,-0.027043746784329414,0.5282127261161804,0.1810687780380249,-0.036846794188022614,0.5217416286468506,0.13103990256786346,-0.04534826800227165,0.5770766735076904,0.3373366594314575,-0.028433475643396378,0.5690911412239075,0.2688237726688385,-0.03865803778171539,0.5638155341148376,0.2232823371887207,-0.04385774955153465,0.5573506355285645,0.18032675981521606,-0.048980485647916794
B,0.5894384384155273,0.5321027040481567,3.494251075153443e-07,0.5289306640625,0.5041196346282959,-0.0195693951100111,0.4895119369029999,0.4229433238506317,-0.02697252854704857,0.49556371569633484,0.3409186601638794,-0.03455401957035065,0.527243971824646,0.3110238015651703,-0.04202241450548172,0.49343612790107727,0.31630581617355347,-0.0015225723618641496,0.47932612895965576,0.23447071015834808,-0.014709493145346642,0.4752388596534729,0.18242527544498444,-0.030114425346255302,0.47416597604751587,0.13409757614135742,-0.043752703815698624,0.5276047587394714,0.2946907579898834,-0.0064045884646475315,0.513178825378418,0.20174601674079895,-0.01709766313433647,0.5063196420669556,0.14234192669391632,-0.031061476096510887,0.49930694699287415,0.08627760410308838,-0.0427943579852581,0.5625872015953064,0.2947801351547241,-0.015576963312923908,0.5511566400527954,0.2067449390888214,-0.027113795280456543,0.5429067015647888,0.1509963870048523,-0.03846317157149315,0.5339546799659729,0.099400594830513,-0.04821183532476425,0.5994644165039062,0.3102298676967621,-0.027847038581967354,0.5913226008415222,0.24065279960632324,-0.03850750997662544,0.5849530100822449,0.19335120916366577,-0.044603027403354645,0.5775339007377625,0.14841485023498535,-0.05042839050292969
B,0.5891541242599487,0.5321226119995117,3.459506672243151e-07,0.5291609168052673,0.5043870806694031,-0.019383041188120842,0.4899548292160034,0.42291679978370667,-0.02668297477066517,0.4963681995868683,0.341370165348053,-0.03417358174920082,0.5278562903404236,0.3117137551307678,-0.04161202162504196,0.49352511763572693,0.316362202167511,-0.0018127727089449763,0.4794463515281677,0.23459553718566895,-0.014896742068231106,0.47527942061424255,0.18255141377449036,-0.030148254707455635,0.47415852546691895,0.1342652440071106,-0.043689291924238205,0.5276614427566528,0.2946988046169281,-0.0067465887404978275,0.5131694674491882,0.2015916109085083,-0.01734759286046028,0.5062878131866455,0.14219623804092407,-0.031199229881167412,0.4992731511592865,0.0862295925617218,-0.04289422184228897,0.5626651644706726,0.2947516441345215,-0.015913397073745728,0.5512508153915405,0.20666716992855072,-0.027337100356817245,0.5429928302764893,0.15099726617336273,-0.038643307983875275,0.5339481830596924,0.09950275719165802,-0.04841456562280655,0.599534273147583,0.31015434861183167,-0.028153788298368454,0.5913206338882446,0.24048316478729248,-0.038710713386535645,0.5848277807235718,0.1932605355978012,-0.04477925971150398,0.5771902203559875,0.14844493567943573,-0.05063575506210327
B,0.5153056383132935,0.7370654344558716,3.156559102990286e-07,0.582517683506012,0.6580809354782104,0.025413108989596367,0.6076946258544922,0.582249641418457,0.03833362087607384,0.5765668749809265,0.5183770656585693,0.048516083508729935,0.5368707776069641,0.4939412474632263,0.05602126196026802,0.5709506273269653,0.49869298934936523,0.017673302441835403,0.5545178651809692,0.3800446093082428,0.02374211885035038,0.5431499481201172,0.32221534848213196,0.028504805639386177,0.5336742401123047,0.2778988778591156,0.031856294721364975,0.5196666121482849,0.49335145950317383,0.004852180369198322,0.5130142569541931,0.3590218424797058,0.008703039027750492,0.508073091506958,0.2860819399356842,0.009022191166877747,0.5063567161560059,0.22976353764533997,0.0092471269890666,0.4757397770881653,0.5073078274726868,-0.004884845577180386,0.4757629632949829,0.3820178508758545,-0.002156475093215704,0.4770355522632599,0.31061428785324097,-0.007109013386070728,0.47906437516212463,0.25513511896133423,-0.011200966313481331,0.4390123188495636,0.5368466973304749,-0.011018432676792145,0.43883639574050903,0.4296419620513916,-0.00767778092995286,0.4414392411708832,0.37604808807373047,-0.004414227791130543,0.4455171823501587,0.32837992906570435,-0.0018772486364468932
B,0.5162405371665955,0.7343530654907227,2.719972087561473e-07,0.5841959714889526,0.6574491858482361,0.029516926035284996,0.6085656881332397,0.582451581954956,0.04551125690340996,0.5793011784553528,0.5177574753761292,0.058696847409009933,0.5401623845100403,0.4935939908027649,0.06897041201591492,0.57309889793396,0.49537673592567444,0.0198373980820179,0.5560837984085083,0.37828725576400757,0.027876893058419228,0.5449956059455872,0.3208383321762085,0.034240707755088806,0.5356512665748596,0.2776016592979431,0.038498420268297195,0.5232908725738525,0.49133139848709106,0.006541513837873936,0.5149899125099182,0.35728806257247925,0.01151363831013441,0.5092189311981201,0.2849409282207489,0.012827800586819649,0.5064342021942139,0.22868242859840393,0.013546143658459187,0.4794904589653015,0.5063625574111938,-0.003147296141833067,0.4775398373603821,0.3814741373062134,-4.1184855945175514e-05,0.4774375259876251,0.30990856885910034,-0.005065185949206352,0.47821205854415894,0.2543948292732239,-0.009223620407283306,0.44153597950935364,0.5362579822540283,-0.008678914979100227,0.4404783546924591,0.4298853576183319,-0.005351385101675987,0.4430965185165405,0.37565961480140686,-0.0028822736348956823,0.4477096498012543,0.32724130153656006,-0.0010614502243697643
B,0.6108666658401489,0.6520496606826782,1.495502743864563e-07,0.5572555661201477,0.5952098965644836,0.018011847510933876,0.5421975255012512,0.511620044708252,0.03182251751422882,0.5413011908531189,0.4552553594112396,0.03693738207221031,0.5460733771324158,0.42411062121391296,0.041241541504859924,0.5711562037467957,0.41486015915870667,0.05181941017508507,0.5597180128097534,0.32980677485466003,0.052050139755010605,0.5510618686676025,0.27010875940322876,0.04585963860154152,0.5491545796394348,0.22007161378860474,0.039212100207805634,0.5834106206893921,0.4051699638366699,0.031069358810782433,0.5684616565704346,0.30537280440330505,0.028113529086112976,0.5637607574462891,0.23754268884658813,0.01955937035381794,0.5651599168777466,0.1812133491039276,0.013347523286938667,0.5978025794029236,0.407701313495636,0.007021056953817606,0.5862945318222046,0.30687999725341797,0.001045522978529334,0.5843462347984314,0.2400539666414261,-0.006359553895890713,0.5862839221954346,0.18614131212234497,-0.011800199747085571,0.6122552156448364,0.4169779419898987,-0.01759033091366291,0.6006176471710205,0.3335951566696167,-0.02172618918120861,0.5965484380722046,0.2813413143157959,-0.023098889738321304,0.5954164862632751,0.23683133721351624,-0.025320328772068024
B,0.6105030179023743,0.6511525511741638,1.5151761090237414e-07,0.5567564964294434,0.5916699767112732,0.021096544340252876,0.5426170229911804,0.5072140097618103,0.036648619920015335,0.5428881645202637,0.45286548137664795,0.04290652275085449,0.5474698543548584,0.4269469380378723,0.04834342002868652,0.5713001489639282,0.41141360998153687,0.055241119116544724,0.561295747756958,0.32675063610076904,0.056221023201942444,0.5536954998970032,0.2663092613220215,0.05072714760899544,0.5528486967086792,0.21608148515224457,0.044521719217300415,0.5827320218086243,0.403393417596817,0.03322939574718475,0.5674231052398682,0.30487555265426636,0.030748818069696426,0.5630494952201843,0.23766759037971497,0.022949913516640663,0.5647897720336914,0.18129843473434448,0.017444701865315437,0.5970209836959839,0.4065640866756439,0.008029350079596043,0.585079550743103,0.3066478371620178,0.0024967535864561796,0.5835130214691162,0.24040696024894714,-0.004109251778572798,0.5858144164085388,0.1857503056526184,-0.008904394693672657,0.6121693849563599,0.4157678782939911,-0.01758025586605072,0.600165069103241,0.3323167562484741,-0.021587638184428215,0.5964928865432739,0.28048044443130493,-0.0227255467325449,0.5959285497665405,0.23557361960411072,-0.024696217849850655
B,0.6023303866386414,0.535154402256012,3.481352166545548e-07,0.5421276688575745,0.5116552114486694,-0.01579701155424118,0.5028212070465088,0.43975311517715454,-0.020767584443092346,0.5179250836372375,0.3710731565952301,-0.026183757930994034,0.5567049980163574,0.3568429946899414,-0.03199822083115578,0.5141757726669312,0.3452101945877075,0.0014977352693676949,0.5047923922538757,0.2731481194496155,-0.007818495854735374,0.5000790357589722,0.22694289684295654,-0.020474085584282875,0.4972299337387085,0.18413884937763214,-0.03197307512164116,0.5446043610572815,0.32565629482269287,-0.0026520593091845512,0.5329080820083618,0.24372518062591553,-0.008806532248854637,0.5261111259460449,0.19118651747703552,-0.018818892538547516,0.5198027491569519,0.1429130584001541,-0.027570998296141624,0.5762704014778137,0.3236851394176483,-0.010562329553067684,0.5668685436248779,0.24821804463863373,-0.01696317084133625,0.560980498790741,0.20135021209716797,-0.024640697985887527,0.554530918598175,0.1596749722957611,-0.0313437357544899,0.6099932193756104,0.3344648480415344,-0.02149912528693676,0.600469708442688,0.27089670300483704,-0.027222847566008568,0.5940994024276733,0.2315429002046585,-0.029621843248605728,0.5876063108444214,0.19613562524318695,-0.03247254714369774
B,0.5517280697822571,0.48956185579299927,6.366864369056202e-08,0.5594962239265442,0.4185999631881714,0.022185666486620903,0.5468403100967407,0.3676469027996063,0.02863091416656971,0.5225899815559387,0.3370087742805481,0.029212096706032753,0.5001455545425415,0.3191682696342468,0.0274466834962368,0.5626876950263977,0.3310597538948059,0.01080341637134552,0.5277376770973206,0.262021541595459,0.0038781636394560337,0.5054836869239807,0.21892324090003967,-9.78311727521941e-05,0.48764532804489136,0.180405855178833,-0.0031456840224564075,0.5512471199035645,0.32716941833496094,-0.0070532578974962234,0.5209842920303345,0.23930855095386505,-0.017328044399619102,0.5033103823661804,0.18600086867809296,-0.022557849064469337,0.489873468875885,0.1417345553636551,-0.025580329820513725,0.5305730104446411,0.33181771636009216,-0.023536983877420425,0.5035811066627502,0.24745643138885498,-0.033319856971502304,0.48879310488700867,0.1935785561800003,-0.039577312767505646,0.4794377386569977,0.1492963582277298,-0.042978573590517044,0.5007258057594299,0.3421740233898163,-0.0377066433429718,0.4826950132846832,0.27077990770339966,-0.046576086431741714,0.4724339246749878,0.22590386867523193,-0.04996446892619133,0.465594083070755,0.18671976029872894,-0.05167149752378464
B,0.5207034945487976,0.49755677580833435,1.8252360689530178e-07,0.47608238458633423,0.45678454637527466,0.00403123302385211,0.4694254398345947,0.4009844958782196,0.0036623510532081127,0.4674023687839508,0.36344000697135925,-0.0014367073308676481,0.46235331892967224,0.3275271952152252,-0.006617954466491938,0.49710047245025635,0.3151596486568451,0.017570821568369865,0.48225200176239014,0.2455616593360901,0.007378435228019953,0.47303277254104614,0.1939774602651596,-0.004246815107762814,0.4687308073043823,0.1492699384689331,-0.013268157839775085,0.5047994256019592,0.3111530840396881,0.0034531306009739637,0.48376935720443726,0.2317695915699005,-0.006800208240747452,0.4746948480606079,0.17529624700546265,-0.019256804138422012,0.47030603885650635,0.12340255081653595,-0.02858840860426426,0.5086197853088379,0.31292521953582764,-0.012842366471886635,0.4877859950065613,0.23368287086486816,-0.023503165692090988,0.47852858901023865,0.1785346418619156,-0.031956158578395844,0.4726456105709076,0.12945066392421722,-0.03789641335606575,0.5077241063117981,0.31898272037506104,-0.03002893552184105,0.4910646378993988,0.2535141110420227,-0.03767509385943413,0.48167434334754944,0.21268826723098755,-0.04050945118069649,0.4737512767314911,0.1753857582807541,-0.04291539266705513
B,0.5421440005302429,0.5034850835800171,1.5476658177249192e-07,0.49644601345062256,0.46554267406463623,-0.002236691303551197,0.4876605272293091,0.41125398874282837,-0.006459374446421862,0.48535779118537903,0.3715018630027771,-0.013569733127951622,0.4820551574230194,0.33317703008651733,-0.02067340351641178,0.5245835185050964,0.3217395842075348,0.005619260016828775,0.507998526096344,0.25455623865127563,-0.006915303412824869,0.49689897894859314,0.20512261986732483,-0.019863823428750038,0.49017953872680664,0.1621435284614563,-0.02952571026980877,0.5309833884239197,0.3182671070098877,-0.005157961510121822,0.5064667463302612,0.24094675481319427,-0.016866659745573997,0.49457573890686035,0.18484196066856384,-0.029045579954981804,0.48760324716567993,0.13277281820774078,-0.038407646119594574,0.531417191028595,0.32091742753982544,-0.018064117059111595,0.508355438709259,0.24453893303871155,-0.029222585260868073,0.4965457618236542,0.19194789230823517,-0.03713851422071457,0.4895399510860443,0.14455564320087433,-0.04293762892484665,0.5255311131477356,0.3281332552433014,-0.03231953829526901,0.5096572041511536,0.2653360664844513,-0.04019834101200104,0.500546395778656,0.22414520382881165,-0.04350384324789047,0.49327680468559265,0.18622168898582458,-0.04634047672152519
B,0.5435418486595154,0.5031265616416931,1.6554325554807292e-07,0.4975041449069977,0.4657176733016968,-0.002720986492931843,0.4877888858318329,0.41093191504478455,-0.007529460825026035,0.4845013916492462,0.3709462583065033,-0.014881648123264313,0.48161807656288147,0.33305948972702026,-0.022411247715353966,0.5257644057273865,0.32326287031173706,0.002028822200372815,0.5088658928871155,0.2548601031303406,-0.011250369250774384,0.49749356508255005,0.2050633728504181,-0.02429048717021942,0.49067625403404236,0.16184872388839722,-0.03383244201540947,0.5326228141784668,0.32063329219818115,-0.00827336311340332,0.5070881247520447,0.24258074164390564,-0.020742809399962425,0.4945494830608368,0.18586812913417816,-0.03300042077898979,0.48717328906059265,0.13327623903751373,-0.04228850454092026,0.5330092906951904,0.3243185877799988,-0.020421909168362617,0.5084466934204102,0.24734005331993103,-0.03226052597165108,0.4962214529514313,0.19415625929832458,-0.0402611643075943,0.4892226457595825,0.14668795466423035,-0.04591154307126999,0.5262243151664734,0.3324774205684662,-0.033769361674785614,0.510019838809967,0.2688249349594116,-0.04212578386068344,0.501214861869812,0.22706729173660278,-0.04536766931414604,0.4943920373916626,0.1890912652015686,-0.047979842871427536
B,0.5887144804000854,0.563022255897522,1.0990065391069948e-07,0.539685070514679,0.5182839035987854,0.011058725416660309,0.5315375328063965,0.45483142137527466,0.017235364764928818,0.5291197299957275,0.4152407646179199,0.018017005175352097,0.5234397053718567,0.3789690136909485,0.018263930454850197,0.5610865950584412,0.36972561478614807,0.025628075003623962,0.5444905161857605,0.29856395721435547,0.018826302140951157,0.5328070521354675,0.2473086267709732,0.010197463445365429,0.5261287093162537,0.20255768299102783,0.003152222838252783,0.570763885974884,0.36608728766441345,0.009588928893208504,0.5476021766662598,0.28462934494018555,0.0009761181427165866,0.5366114377975464,0.22656098008155823,-0.009558318182826042,0.5299396514892578,0.17310436069965363,-0.017199043184518814,0.5759397149085999,0.36971500515937805,-0.008357240818440914,0.5533121824264526,0.2893523573875427,-0.018867453560233116,0.5414440631866455,0.2354937493801117,-0.027297349646687508,0.5334347486495972,0.18719661235809326,-0.032856762409210205,0.5751960873603821,0.3773849904537201,-0.026436997577548027,0.5549604892730713,0.3113960027694702,-0.03525801748037338,0.5442768335342407,0.2706679701805115,-0.03928769379854202,0.5359350442886353,0.2329826056957245,-0.04235139861702919
B,0.6070104837417603,0.5116934776306152,3.030767459222261e-07,0.5457884669303894,0.4824454188346863,-0.01655210368335247,0.5025246143341064,0.410884290933609,-0.023287981748580933,0.5073984265327454,0.3341574966907501,-0.03092036023736,0.5466639995574951,0.3043067157268524,-0.037924401462078094,0.5285195112228394,0.29112792015075684,0.005833731032907963,0.517202615737915,0.213065505027771,-0.005031265784054995,0.5136734843254089,0.16599036753177643,-0.019039852544665337,0.5136645436286926,0.12281273305416107,-0.03146176412701607,0.5630730986595154,0.2738601863384247,0.0003200587525498122,0.5523492693901062,0.18392394483089447,-0.00797878298908472,0.5469865798950195,0.12736472487449646,-0.019852779805660248,0.5429832339286804,0.0760403722524643,-0.02989506535232067,0.5982105731964111,0.27565816044807434,-0.00962495431303978,0.5904430747032166,0.19295552372932434,-0.01910005696117878,0.5852279663085938,0.14161013066768646,-0.02755742147564888,0.5799350738525391,0.09639914333820343,-0.0347667932510376,0.6359213590621948,0.2922171950340271,-0.02259712852537632,0.6314685344696045,0.2235437035560608,-0.030887510627508163,0.6280413269996643,0.17934338748455048,-0.03436921536922455,0.6240640878677368,0.13798680901527405,-0.037796519696712494
B,0.5771076679229736,0.5284475088119507,2.5184181140502915e-07,0.6260335445404053,0.4547412395477295,0.013692095875740051,0.642167329788208,0.3880975544452667,0.015955165028572083,0.6149773001670837,0.33623844385147095,0.014905072748661041,0.5811360478401184,0.3128817677497864,0.010098058730363846,0.6141690611839294,0.31380587816238403,0.000492140359710902,0.5916975736618042,0.2200537919998169,-0.005632028449326754,0.5781875252723694,0.1702209860086441,-0.010879249311983585,0.5671762228012085,0.12900249660015106,-0.014932718127965927,0.5736919641494751,0.3154991567134857,-0.013541915453970432,0.553770899772644,0.20814207196235657,-0.018307816237211227,0.5412445068359375,0.14361990988254547,-0.02508007362484932,0.533385157585144,0.09060999751091003,-0.031094420701265335,0.5354940295219421,0.3343279957771301,-0.025809282436966896,0.5220891833305359,0.2298600673675537,-0.03222696855664253,0.5149279236793518,0.16599994897842407,-0.04116920381784439,0.510784387588501,0.11415070295333862,-0.04833008721470833,0.5002133250236511,0.36549708247184753,-0.03579751402139664,0.49198397994041443,0.2794435918331146,-0.043491218239068985,0.48886486887931824,0.23011596500873566,-0.046405211091041565,0.48758670687675476,0.18338675796985626,-0.04811418801546097
B,0.5228173732757568,0.4482199549674988,4.73615642704317e-07,0.4575671851634979,0.4103083908557892,-0.018670205026865005,0.4195370376110077,0.3076242208480835,-0.02200145460665226,0.4499412178993225,0.22893142700195312,-0.026211168617010117,0.5002506971359253,0.2363046556711197,-0.031209325417876244,0.42486679553985596,0.21444851160049438,0.005582185462117195,0.41667288541793823,0.12844011187553406,-0.0028715203516185284,0.4147235155105591,0.07131953537464142,-0.016366537660360336,0.4147688150405884,0.019462376832962036,-0.02967294305562973,0.4589804410934448,0.19222059845924377,0.0014180371072143316,0.45074817538261414,0.1003161072731018,-0.0036282360088080168,0.4475417137145996,0.039719030261039734,-0.014282755553722382,0.44485974311828613,-0.014603674411773682,-0.023876046761870384,0.4953182637691498,0.19345761835575104,-0.007571231108158827,0.49117541313171387,0.10610897839069366,-0.0132523775100708,0.4891173243522644,0.050482407212257385,-0.023221218958497047,0.48663756251335144,0.002453133463859558,-0.03210492059588432,0.5334402322769165,0.20846450328826904,-0.02035696431994438,0.5304732918739319,0.1337103545665741,-0.025878755375742912,0.5282663106918335,0.08753626048564911,-0.03024505451321602,0.5264907479286194,0.045387640595436096,-0.035341303795576096
B,0.5185561180114746,0.572797954082489,3.85177997941355e-07,0.45617806911468506,0.5457552671432495,-0.019347185268998146,0.41363802552223206,0.45293736457824707,-0.025102360174059868,0.43396928906440735,0.3760085105895996,-0.03129635378718376,0.4790341556072235,0.37418803572654724,-0.037952639162540436,0.42817091941833496,0.3416806757450104,0.0006575290462933481,0.41905835270881653,0.26095494627952576,-0.010244355536997318,0.41707172989845276,0.20869365334510803,-0.02518378756940365,0.41783660650253296,0.15934130549430847,-0.03950530290603638,0.4609110653400421,0.3222391903400421,-0.004481425508856773,0.4531415104866028,0.23010720312595367,-0.012815338559448719,0.4515397846698761,0.16912268102169037,-0.024693461135029793,0.4504788815975189,0.11276519298553467,-0.03518049418926239,0.4940266013145447,0.32684651017189026,-0.01432326715439558,0.4886498749256134,0.23848110437393188,-0.02318369783461094,0.4850679337978363,0.18200832605361938,-0.033884447067976,0.4809647798538208,0.13129597902297974,-0.04343614727258682,0.5286604762077332,0.3467903733253479,-0.027812911197543144,0.5242624878883362,0.2751912474632263,-0.036428630352020264,0.5203924179077148,0.22790472209453583,-0.04221697524189949,0.5168026089668274,0.183967724442482,-0.04828361049294472
B,0.48449409008026123,0.6552836298942566,6.774395444608672e-08,0.42828506231307983,0.58950275182724,0.023558538407087326,0.4176805019378662,0.5166887044906616,0.03221952170133591,0.4154067933559418,0.4726766347885132,0.03138897195458412,0.4174555838108063,0.43664470314979553,0.028660889714956284,0.46921464800834656,0.42222878336906433,0.03953408822417259,0.4517636299133301,0.34278732538223267,0.03295737877488136,0.44155290722846985,0.28397130966186523,0.023191502317786217,0.4365977942943573,0.2328399270772934,0.01358326617628336,0.4813263714313507,0.4197065234184265,0.01321328617632389,0.4577164351940155,0.3216301202774048,0.002035842975601554,0.4479754567146301,0.2534831464290619,-0.011423935182392597,0.44462886452674866,0.19184264540672302,-0.021910281851887703,0.4839443564414978,0.4281481206417084,-0.014863470569252968,0.4594016969203949,0.3287901282310486,-0.029129337519407272,0.4493187665939331,0.26369649171829224,-0.0393650121986866,0.44496047496795654,0.20594888925552368,-0.04690365865826607,0.4766663908958435,0.44185981154441833,-0.042227599769830704,0.4593592584133148,0.36086657643318176,-0.05739162862300873,0.45083722472190857,0.3091655373573303,-0.06529376655817032,0.4460641145706177,0.26018667221069336,-0.07160703092813492
B,0.2604433596134186,0.6172608733177185,5.119430852573714e-07,0.31495705246925354,0.5952491760253906,-0.05528852343559265,0.34206515550613403,0.5210393667221069,-0.06607028841972351,0.3430340588092804,0.45517590641975403,-0.06110365316271782,0.3402288854122162,0.40742793679237366,-0.051686301827430725,0.3008847236633301,0.4103003740310669,-0.054672688245773315,0.3281405568122864,0.3091495633125305,-0.05983082205057144,0.33646994829177856,0.2518255114555359,-0.06318765878677368,0.33671802282333374,0.20304597914218903,-0.06472637504339218,0.27711454033851624,0.40149956941604614,-0.02175029180943966,0.30901700258255005,0.3011149764060974,-0.027845215052366257,0.3221546709537506,0.24252799153327942,-0.032595738768577576,0.32792556285858154,0.19504129886627197,-0.0344662070274353,0.2671707570552826,0.40525269508361816,0.009359985589981079,0.2963540256023407,0.32018834352493286,0.005683469120413065,0.31268924474716187,0.2671523690223694,-0.0023814504966139793,0.32336491346359253,0.2222900241613388,-0.006955537013709545,0.266302227973938,0.41595911979675293,0.03645455464720726,0.29521799087524414,0.3536597192287445,0.03485795855522156,0.31193989515304565,0.31861504912376404,0.030953753739595413,0.3245910406112671,0.29070281982421875,0.029234053567051888
C,0.6895853281021118,0.5779889225959778,-3.325169757317781e-07,0.6179835796356201,0.5386828184127808,0.027608614414930344,0.5618724226951599,0.4838162958621979,0.03358929976820946,0.5188746452331543,0.4569655954837799,0.0246261078864336,0.4800209403038025,0.4294764995574951,0.01574673317372799,0.6114145517349243,0.3639577031135559,0.06808046251535416,0.5829837918281555,0.2947627305984497,0.057516973465681076,0.5429046750068665,0.28529658913612366,0.040326088666915894,0.5091480016708374,0.2951737642288208,0.028445612639188766,0.628028154373169,0.35601556301116943,0.035300690680742264,0.5934350490570068,0.26647186279296875,0.021052511408925056,0.5402736067771912,0.2689666152000427,0.0031367670744657516,0.5033855438232422,0.3024754226207733,-0.007044997066259384,0.6404552459716797,0.3584563434123993,-0.002019593259319663,0.6043442487716675,0.26746952533721924,-0.015118511393666267,0.5487021803855896,0.27729207277297974,-0.024664420634508133,0.5135905146598816,0.311730295419693,-0.028794806450605392,0.6445485353469849,0.37060117721557617,-0.03930697590112686,0.6050618290901184,0.2992042899131775,-0.04725995287299156,0.5605177879333496,0.299764484167099,-0.04989107325673103,0.5290659070014954,0.322878360748291,-0.05119892954826355
C,0.2884542942047119,0.5850409269332886,5.525205892809026e-07,0.3527648150920868,0.5406858921051025,-0.045238517224788666,0.40334564447402954,0.474848210811615,-0.05908287316560745,0.4465768039226532,0.41951608657836914,-0.060021668672561646,0.4798175096511841,0.3723883032798767,-0.05526147037744522,0.3241053819656372,0.363474577665329,-0.036396197974681854,0.36415597796440125,0.26491981744766235,-0.02671578712761402,0.4028967320919037,0.2615338861942291,-0.016154075041413307,0.42707014083862305,0.27588292956352234,-0.006858292501419783,0.29157882928848267,0.3586272895336151,-0.0057428693398833275,0.3339044749736786,0.25080472230911255,0.005534302908927202,0.3756517469882965,0.25362879037857056,0.013050168752670288,0.40182846784591675,0.2813192903995514,0.01940859667956829,0.27581775188446045,0.3682781755924225,0.02407289482653141,0.3145989179611206,0.281341552734375,0.03495694324374199,0.3533778488636017,0.282092809677124,0.03728777915239334,0.37744802236557007,0.30215615034103394,0.03875790163874626,0.2733748257160187,0.38320496678352356,0.05075985565781593,0.3012728691101074,0.3141429126262665,0.05814507603645325,0.3312460780143738,0.30827924609184265,0.061185505241155624,0.3528200089931488,0.318142294883728,0.06507141888141632
C,0.6921675205230713,0.5949838757514954,-2.6704830702328763e-07,0.6206522583961487,0.5648323893547058,0.025574712082743645,0.5665841698646545,0.5227168798446655,0.029594499617815018,0.5303635597229004,0.5025200843811035,0.02093077078461647,0.5161174535751343,0.4670298993587494,0.01300253625959158,0.6047702431678772,0.39597347378730774,0.04885159060359001,0.5822718143463135,0.3171426057815552,0.03368282690644264,0.5422972440719604,0.30854666233062744,0.018077688291668892,0.5148674845695496,0.3243604004383087,0.008892565034329891,0.6201003789901733,0.3893985152244568,0.019104983657598495,0.5953298807144165,0.28335705399513245,0.0005629787337966263,0.5441584587097168,0.2857174873352051,-0.012465326115489006,0.514197826385498,0.3192060887813568,-0.017516041174530983,0.6317882537841797,0.39259132742881775,-0.014286174438893795,0.6033226251602173,0.294225811958313,-0.029043523594737053,0.548369824886322,0.2997536063194275,-0.03588700667023659,0.5164574980735779,0.33188503980636597,-0.03751445189118385,0.6367083787918091,0.40613576769828796,-0.04739753156900406,0.6037201881408691,0.3365108072757721,-0.058026961982250214,0.5606606006622314,0.3311125636100769,-0.06203734129667282,0.5301302671432495,0.34823980927467346,-0.0633608028292656
C,0.685939610004425,0.5929648876190186,-3.9849084032539395e-08,0.6259146928787231,0.5726321339607239,-0.0009104510536417365,0.5696744918823242,0.5353169441223145,-0.00817435048520565,0.5240581035614014,0.5225313305854797,-0.021803604438900948,0.4881170094013214,0.4996761381626129,-0.03443125635385513,0.5939056873321533,0.3996002674102783,0.02092091552913189,0.5762746334075928,0.32052379846572876,0.0014291253173723817,0.5462909936904907,0.2952745854854584,-0.019239960238337517,0.5168686509132385,0.2931879758834839,-0.03273968771100044,0.6113311648368835,0.391560435295105,0.004480851348489523,0.5955137610435486,0.29421496391296387,-0.018617702648043633,0.5549221634864807,0.2773582339286804,-0.03815341740846634,0.5188635587692261,0.2948760390281677,-0.04856894165277481,0.6279597282409668,0.39217162132263184,-0.016528714448213577,0.6155186891555786,0.2924429774284363,-0.03345698118209839,0.5743228793144226,0.27129679918289185,-0.04605517163872719,0.5387061834335327,0.28308385610580444,-0.05222179368138313,0.6419202089309692,0.40366286039352417,-0.039249908179044724,0.6234562397003174,0.33317166566848755,-0.05139927193522453,0.5917323231697083,0.3014383614063263,-0.05997222289443016,0.5606393814086914,0.29181018471717834,-0.06494233012199402
C,0.7033757567405701,0.5955038070678711,-2.9189189376666036e-07,0.6403945684432983,0.56341552734375,0.009231404401361942,0.5871424078941345,0.5156604051589966,0.007906037382781506,0.5433194041252136,0.4912259876728058,-0.0027902049478143454,0.508640706539154,0.4615515470504761,-0.01241134200245142,0.6186748743057251,0.4059370756149292,0.03836772218346596,0.5854835510253906,0.3430788815021515,0.018906164914369583,0.5470892190933228,0.3344758152961731,-0.0026336258742958307,0.5164868235588074,0.34367287158966064,-0.016022415831685066,0.6351458430290222,0.3948533535003662,0.017384963110089302,0.600480318069458,0.31149575114250183,-0.003549196757376194,0.5538472533226013,0.3101978898048401,-0.023155460134148598,0.5211384892463684,0.3399198055267334,-0.03373264521360397,0.6514796614646912,0.39320996403694153,-0.008173126727342606,0.6201987266540527,0.30824658274650574,-0.02362208254635334,0.5694916248321533,0.3080477714538574,-0.0341072604060173,0.5349738597869873,0.3347020447254181,-0.03856874629855156,0.6646485924720764,0.40225109457969666,-0.03493626043200493,0.6316503286361694,0.33883094787597656,-0.04519586265087128,0.5901520848274231,0.3262021839618683,-0.051008936017751694,0.5565237402915955,0.3356936275959015,-0.053828589618206024
C,0.6556742191314697,0.48170700669288635,1.3070199145204242e-07,0.6096839904785156,0.4686228632926941,-0.034806206822395325,0.5773482322692871,0.4313388466835022,-0.05816996097564697,0.5766392946243286,0.383415549993515,-0.07984837144613266,0.5863243341445923,0.33544331789016724,-0.09867115318775177,0.555006206035614,0.27232426404953003,-0.022382982075214386,0.5430954098701477,0.20468555390834808,-0.05000001937150955,0.5465129613876343,0.17488864064216614,-0.07711252570152283,0.5576822757720947,0.1796644628047943,-0.09366399794816971,0.5936033129692078,0.24728605151176453,-0.021475883200764656,0.5806177258491516,0.157306507229805,-0.048388250172138214,0.5863655805587769,0.14759346842765808,-0.07583270221948624,0.5950542688369751,0.1812569797039032,-0.09198597818613052,0.6311832666397095,0.2438686192035675,-0.02494034729897976,0.6250532269477844,0.16053147614002228,-0.04381828010082245,0.6270934343338013,0.15186168253421783,-0.06098690629005432,0.631584107875824,0.18706081807613373,-0.07065705209970474,0.6714255809783936,0.25991693139076233,-0.03231291472911835,0.6681456565856934,0.18803302943706512,-0.045385658740997314,0.6642696857452393,0.16792398691177368,-0.0543801486492157,0.6600415110588074,0.18191516399383545,-0.059128254652023315
C,0.72832190990448,0.6490167379379272,-3.4420637007315236e-07,0.6737980842590332,0.6080315113067627,0.006122065242379904,0.6284471154212952,0.5548063516616821,0.00673762708902359,0.58982914686203,0.5203949213027954,-0.0015853384975343943,0.5656805634498596,0.4807852804660797,-0.008228039368987083,0.6727680563926697,0.46122920513153076,0.044731948524713516,0.6504964232444763,0.3988325297832489,0.02825057879090309,0.6175534129142761,0.39302241802215576,0.008732074871659279,0.5886598229408264,0.4041012227535248,-0.0026142343413084745,0.6884749531745911,0.4537518322467804,0.028284315019845963,0.6642663478851318,0.37438517808914185,0.008872311562299728,0.6232554912567139,0.37564438581466675,-0.01102367602288723,0.5919344425201416,0.4031330347061157,-0.020450832322239876,0.7045274376869202,0.4511221647262573,0.006866936106234789,0.6821427941322327,0.37102562189102173,-0.00935873668640852,0.6375132203102112,0.3717069625854492,-0.0206008143723011,0.6052461862564087,0.39600372314453125,-0.023378033190965652,0.7194357514381409,0.4544570744037628,-0.015697550028562546,0.695218026638031,0.385163813829422,-0.024978380650281906,0.6588097810745239,0.37225663661956787,-0.02926407754421234,0.6293696761131287,0.3830406963825226,-0.029828866943717003
C,0.6432878375053406,0.5132068395614624,-3.0506211601277755e-07,0.5794152617454529,0.48415663838386536,0.008310584351420403,0.5274308919906616,0.441882848739624,0.006591670215129852,0.48859912157058716,0.4182072579860687,-0.004200550261884928,0.4596351683139801,0.38509401679039,-0.01366631593555212,0.561439037322998,0.33117398619651794,0.036165427416563034,0.5331591963768005,0.2690850496292114,0.015539232641458511,0.49605295062065125,0.2627531588077545,-0.007086704019457102,0.46363866329193115,0.2763127386569977,-0.02055891416966915,0.5779187083244324,0.321132630109787,0.01633717305958271,0.5449728965759277,0.24288108944892883,-0.006480921991169453,0.49695855379104614,0.2466650903224945,-0.027881784364581108,0.46223217248916626,0.27812379598617554,-0.03904085233807564,0.5934261679649353,0.3194396495819092,-0.007837737910449505,0.5648382306098938,0.23900635540485382,-0.02453288994729519,0.5148244500160217,0.24428673088550568,-0.035980336368083954,0.4808831810951233,0.274404913187027,-0.0402376614511013,0.605738639831543,0.3275841772556305,-0.03308616206049919,0.5780175924301147,0.26194658875465393,-0.042873017489910126,0.5392000675201416,0.2522590160369873,-0.04766102135181427,0.5081562995910645,0.2656417489051819,-0.04922674223780632
